full_name,stars,watchers,forks,stars_delta,watchers_delta,forks_delta,url
anthropics/claude-code,58655,58655,4340,55,55,10,https://github.com/anthropics/claude-code
shareAI-lab/learn-claude-code,14780,14780,3374,14,14,0,https://github.com/shareAI-lab/learn-claude-code
musistudio/claude-code-router,26120,26120,2034,11,11,2,https://github.com/musistudio/claude-code-router
davila7/claude-code-templates,17763,17763,1602,54,54,9,https://github.com/davila7/claude-code-templates
hesreallyhim/awesome-claude-code,21175,21175,1201,27,27,0,https://github.com/hesreallyhim/awesome-claude-code
anthropics/claude-code-action,5227,5227,1384,2,2,1,https://github.com/anthropics/claude-code-action
affaan-m/everything-claude-code,6370,6370,852,733,733,93,https://github.com/affaan-m/everything-claude-code
diet103/claude-code-infrastructure-showcase,8518,8518,1120,-2,-2,0,https://github.com/diet103/claude-code-infrastructure-showcase
VoltAgent/awesome-claude-code-subagents,8370,8370,924,23,23,0,https://github.com/VoltAgent/awesome-claude-code-subagents
OneRedOak/claude-code-workflows,3513,3513,520,1,1,0,https://github.com/OneRedOak/claude-code-workflows
ChrisWiles/claude-code-showcase,4995,4995,424,5,5,1,https://github.com/ChrisWiles/claude-code-showcase
1rgs/claude-code-proxy,2878,2878,393,-1,-1,0,https://github.com/1rgs/claude-code-proxy
kodu-ai/claude-coder,5285,5285,201,0,0,0,https://github.com/kodu-ai/claude-coder
Piebald-AI/claude-code-system-prompts,3210,3210,474,2,2,1,https://github.com/Piebald-AI/claude-code-system-prompts
frankbria/ralph-claude-code,4388,4388,276,98,98,10,https://github.com/frankbria/ralph-claude-code
zebbern/claude-code-guide,3103,3103,281,0,0,0,https://github.com/zebbern/claude-code-guide
Yuyz0112/claude-code-reverse,1977,1977,348,0,0,0,https://github.com/Yuyz0112/claude-code-reverse
Maciek-roboblog/Claude-Code-Usage-Monitor,6246,6246,305,3,3,0,https://github.com/Maciek-roboblog/Claude-Code-Usage-Monitor
disler/claude-code-hooks-mastery,2097,2097,447,1,1,0,https://github.com/disler/claude-code-hooks-mastery
fuergaosi233/claude-code-proxy,1915,1915,267,0,0,0,https://github.com/fuergaosi233/claude-code-proxy
Cranot/claude-code-guide,2265,2265,250,2,2,0,https://github.com/Cranot/claude-code-guide
anthropics/claude-code-base-action,559,559,598,0,0,1,https://github.com/anthropics/claude-code-base-action
eyaltoledano/claude-task-master,24945,24945,2401,3,3,0,https://github.com/eyaltoledano/claude-task-master
anthropics/skills,46747,46747,4405,108,108,6,https://github.com/anthropics/skills
wshobson/agents,26133,26133,2887,29,29,6,https://github.com/wshobson/agents
Pimzino/claude-code-spec-workflow,3350,3350,244,0,0,0,https://github.com/Pimzino/claude-code-spec-workflow
anthropics/claude-code-security-review,2858,2858,210,2,2,0,https://github.com/anthropics/claude-code-security-review
https-deeplearning-ai/sc-claude-code-files,372,372,501,1,1,0,https://github.com/https-deeplearning-ai/sc-claude-code-files
edmund-io/edmunds-claude-code,978,978,206,7,7,2,https://github.com/edmund-io/edmunds-claude-code
github/spec-kit,63885,63885,5525,46,46,6,https://github.com/github/spec-kit
siteboon/claudecodeui,5610,5610,724,1,1,1,https://github.com/siteboon/claudecodeui
feiskyer/claude-code-settings,1114,1114,171,1,1,0,https://github.com/feiskyer/claude-code-settings
lst97/claude-code-sub-agents,1343,1343,221,1,1,0,https://github.com/lst97/claude-code-sub-agents
ghuntley/claude-code-source-code-deobfuscation,808,808,401,0,0,0,https://github.com/ghuntley/claude-code-source-code-deobfuscation
router-for-me/CLIProxyAPI,7479,7479,1162,21,21,5,https://github.com/router-for-me/CLIProxyAPI
ComposioHQ/awesome-claude-skills,22698,22698,2261,88,88,5,https://github.com/ComposioHQ/awesome-claude-skills
sugyan/claude-code-webui,848,848,194,0,0,0,https://github.com/sugyan/claude-code-webui
nishimoto265/Claude-Code-Communication,476,476,224,0,0,0,https://github.com/nishimoto265/Claude-Code-Communication
centminmod/my-claude-code-setup,1687,1687,164,3,3,0,https://github.com/centminmod/my-claude-code-setup
rizethereum/claude-code-requirements-builder,1732,1732,172,1,1,0,https://github.com/rizethereum/claude-code-requirements-builder
andrepimenta/claude-code-chat,976,976,142,0,0,0,https://github.com/andrepimenta/claude-code-chat
darcyegb/ClaudeCodeAgents,482,482,46,1,1,0,https://github.com/darcyegb/ClaudeCodeAgents
winfunc/opcode,20092,20092,1549,6,6,-1,https://github.com/winfunc/opcode
EnzeD/vibe-coding,3744,3744,1180,2,2,2,https://github.com/EnzeD/vibe-coding
EveryInc/compound-engineering-plugin,5324,5324,441,31,31,2,https://github.com/EveryInc/compound-engineering-plugin
peterkrueck/Claude-Code-Development-Kit,1279,1279,147,1,1,0,https://github.com/peterkrueck/Claude-Code-Development-Kit
Njengah/claude-code-cheat-sheet,1191,1191,147,1,1,1,https://github.com/Njengah/claude-code-cheat-sheet
steipete/claude-code-mcp,1009,1009,117,0,0,0,https://github.com/steipete/claude-code-mcp
zed-industries/claude-code-acp,766,766,116,0,0,-1,https://github.com/zed-industries/claude-code-acp
revfactory/claude-code-mastering,736,736,118,0,0,0,https://github.com/revfactory/claude-code-mastering
JessyTsui/Claude-Code-Remote,962,962,105,1,1,0,https://github.com/JessyTsui/Claude-Code-Remote
wasabeef/claude-code-cookbook,967,967,107,1,1,0,https://github.com/wasabeef/claude-code-cookbook
disler/claude-code-hooks-multi-agent-observability,912,912,280,0,0,0,https://github.com/disler/claude-code-hooks-multi-agent-observability
snarktank/ralph,5769,5769,739,198,198,15,https://github.com/snarktank/ralph
0xfurai/claude-code-subagents,648,648,123,0,0,0,https://github.com/0xfurai/claude-code-subagents
jarrodwatts/claude-code-config,848,848,102,0,0,0,https://github.com/jarrodwatts/claude-code-config
ykdojo/claude-code-tips,1397,1397,84,29,29,3,https://github.com/ykdojo/claude-code-tips
catlog22/Claude-Code-Workflow,1048,1048,87,4,4,0,https://github.com/catlog22/Claude-Code-Workflow
slopus/happy,8040,8040,593,14,14,3,https://github.com/slopus/happy
anthropics/claude-agent-sdk-python,4243,4243,562,3,3,0,https://github.com/anthropics/claude-agent-sdk-python
opactorai/Claudable,3630,3630,554,4,4,0,https://github.com/opactorai/Claudable
superdesigndev/superdesign,5749,5749,665,1,1,1,https://github.com/superdesigndev/superdesign
kn1026/cc,700,700,266,0,0,0,https://github.com/kn1026/cc
pchalasani/claude-code-tools,1139,1139,77,5,5,0,https://github.com/pchalasani/claude-code-tools
upstash/context7,42738,42738,2060,20,20,1,https://github.com/upstash/context7
OthmanAdi/planning-with-files,10261,10261,897,15,15,4,https://github.com/OthmanAdi/planning-with-files
simonw/claude-code-transcripts,815,815,84,1,1,0,https://github.com/simonw/claude-code-transcripts
jeremylongshore/claude-code-plugins-plus-skills,1028,1028,134,1,1,1,https://github.com/jeremylongshore/claude-code-plugins-plus-skills
kepano/obsidian-skills,7477,7477,391,17,17,1,https://github.com/kepano/obsidian-skills
anthropics/claude-plugins-official,4428,4428,484,12,12,1,https://github.com/anthropics/claude-plugins-official
anthropics/claude-agent-sdk-demos,1200,1200,193,1,1,0,https://github.com/anthropics/claude-agent-sdk-demos
alirezarezvani/claude-code-tresor,438,438,108,0,0,0,https://github.com/alirezarezvani/claude-code-tresor
ericbuess/claude-code-docs,570,570,92,0,0,0,https://github.com/ericbuess/claude-code-docs
lyconear/Claude-Code,4,4,143,0,0,0,https://github.com/lyconear/Claude-Code
zsio/claude-code-hub,146,146,161,0,0,0,https://github.com/zsio/claude-code-hub
DmitrySolana/ralph-claude-code,899,899,74,87,87,5,https://github.com/DmitrySolana/ralph-claude-code
severity1/claude-code-prompt-improver,1067,1067,97,1,1,0,https://github.com/severity1/claude-code-prompt-improver
obra/superpowers,30977,30977,2317,194,194,16,https://github.com/obra/superpowers
d-kimuson/claude-code-viewer,798,798,76,1,1,0,https://github.com/d-kimuson/claude-code-viewer
greggh/claude-code.nvim,1737,1737,55,1,1,0,https://github.com/greggh/claude-code.nvim
numman-ali/openskills,6271,6271,433,66,66,4,https://github.com/numman-ali/openskills
f/awesome-chatgpt-prompts,143043,143043,18976,22,22,4,https://github.com/f/awesome-chatgpt-prompts
zhukunpenglinyutong/idea-claude-code-gui,768,768,87,0,0,0,https://github.com/zhukunpenglinyutong/idea-claude-code-gui
Matt-Dionis/claude-code-configs,602,602,79,1,1,0,https://github.com/Matt-Dionis/claude-code-configs
BloopAI/vibe-kanban,17899,17899,1656,74,74,12,https://github.com/BloopAI/vibe-kanban
bfly123/claude_code_bridge,747,747,70,4,4,0,https://github.com/bfly123/claude_code_bridge
anomalyco/opencode,80449,80449,7148,242,242,32,https://github.com/anomalyco/opencode
manzaltu/claude-code-ide.el,1292,1292,71,3,3,0,https://github.com/manzaltu/claude-code-ide.el
coleam00/context-engineering-intro,12239,12239,2577,2,2,-1,https://github.com/coleam00/context-engineering-intro
UfoMiao/zcf,5271,5271,372,2,2,0,https://github.com/UfoMiao/zcf
gurusup/claude-code-demo,71,71,154,0,0,0,https://github.com/gurusup/claude-code-demo
MadAppGang/claude-code,212,212,19,0,0,0,https://github.com/MadAppGang/claude-code
hesreallyhim/a-list-of-claude-code-agents,1144,1144,110,1,1,0,https://github.com/hesreallyhim/a-list-of-claude-code-agents
stretchcloud/claude-code-unified-agents,725,725,71,0,0,0,https://github.com/stretchcloud/claude-code-unified-agents
code-yeongyu/oh-my-opencode,20687,20687,1457,97,97,5,https://github.com/code-yeongyu/oh-my-opencode
carlvellotti/claude-code-pm-course,370,370,95,1,1,1,https://github.com/carlvellotti/claude-code-pm-course
oraios/serena,18927,18927,1293,8,8,1,https://github.com/oraios/serena
Dicklesworthstone/claude_code_agent_farm,633,633,74,2,2,1,https://github.com/Dicklesworthstone/claude_code_agent_farm
daaain/claude-code-log,647,647,55,0,0,0,https://github.com/daaain/claude-code-log
glidea/claude-worker-proxy,244,244,122,0,0,0,https://github.com/glidea/claude-worker-proxy
